[
  {
    "id": "/subscriptions/c44c3665-2e62-4e3d-a00f-e81874f7f290/resourceGroups/Senior_Design_resources_23_AV_SA_RCP/providers/Microsoft.Resources/deployments/Microsoft.SQLDatabase.newDatabaseExistingServer_cd420f44bea84b56/operations/4235D5EE10300F68",
    "operationId": "4235D5EE10300F68",
    "properties": {
      "provisioningOperation": "Create",
      "provisioningState": "Running",
      "timestamp": "2023-02-28T02:59:55.7054208Z",
      "duration": "PT0.4163514S",
      "trackingId": "0ad85d03-6fea-44bc-8fa5-484771f19e75",
      "statusCode": "Accepted",
      "targetResource": {
        "id": "/subscriptions/c44c3665-2e62-4e3d-a00f-e81874f7f290/resourceGroups/Senior_Design_resources_23_AV_SA_RCP/providers/Microsoft.Sql/servers/patent-helper-project/databases/projectDB",
        "resourceType": "Microsoft.Sql/servers/databases",
        "resourceName": "patent-helper-project/projectDB"
      }
    }
  },
  {
    "id": "/subscriptions/c44c3665-2e62-4e3d-a00f-e81874f7f290/resourceGroups/Senior_Design_resources_23_AV_SA_RCP/providers/Microsoft.Resources/deployments/Microsoft.SQLDatabase.newDatabaseExistingServer_cd420f44bea84b56/operations/AD1C5E2082F0E807",
    "operationId": "AD1C5E2082F0E807",
    "properties": {
      "provisioningOperation": "Read",
      "provisioningState": "Succeeded",
      "timestamp": "2023-02-28T02:59:55.4188798Z",
      "duration": "PT0.096459S",
      "trackingId": "92cae7a1-0844-46b6-b599-b9ebff0071e3",
      "statusCode": "OK",
      "targetResource": {
        "id": "/subscriptions/c44c3665-2e62-4e3d-a00f-e81874f7f290/resourceGroups/Senior_Design_resources_23_AV_SA_RCP/providers/Microsoft.Sql/servers/patent-helper-project",
        "resourceType": "Microsoft.Sql/servers",
        "resourceName": "patent-helper-project",
        "apiVersion": "2018-06-01-preview"
      }
    }
  }
]