{
  "id": "/subscriptions/c44c3665-2e62-4e3d-a00f-e81874f7f290/resourceGroups/Senior_Design_resources_23_AV_SA_RCP/providers/Microsoft.Resources/deployments/Microsoft.SQLDatabase.newDatabaseExistingServer_cd420f44bea84b56",
  "name": "Microsoft.SQLDatabase.newDatabaseExistingServer_cd420f44bea84b56",
  "type": "Microsoft.Resources/deployments",
  "tags": {
    "primaryResourceId": "/subscriptions/c44c3665-2e62-4e3d-a00f-e81874f7f290/resourceGroups/Senior_Design_resources_23_AV_SA_RCP/providers/Microsoft.Sql/servers/patent-helper-project/databases/projectDB",
    "marketplaceItemId": "Microsoft.SQLDatabase"
  },
  "properties": {
    "templateHash": "5707059564530353942",
    "parameters": {
      "collation": {
        "type": "String",
        "value": "SQL_Latin1_General_CP1_CI_AS"
      },
      "databaseName": {
        "type": "String",
        "value": "projectDB"
      },
      "tier": {
        "type": "String",
        "value": "Standard"
      },
      "skuName": {
        "type": "String",
        "value": "S0"
      },
      "maxSizeBytes": {
        "type": "Int",
        "value": 268435456000
      },
      "serverName": {
        "type": "String",
        "value": "patent-helper-project"
      },
      "serverLocation": {
        "type": "String",
        "value": "eastus"
      },
      "sampleName": {
        "type": "String",
        "value": ""
      },
      "zoneRedundant": {
        "type": "Bool",
        "value": false
      },
      "licenseType": {
        "type": "String",
        "value": ""
      },
      "readScaleOut": {
        "type": "String",
        "value": "Disabled"
      },
      "numberOfReplicas": {
        "type": "Int",
        "value": 0
      },
      "minCapacity": {
        "type": "String",
        "value": ""
      },
      "autoPauseDelay": {
        "type": "Int",
        "value": 0
      },
      "databaseTags": {
        "type": "Object",
        "value": {}
      },
      "enableADS": {
        "type": "Bool",
        "value": false
      },
      "enableVA": {
        "type": "Bool",
        "value": false
      },
      "useVAManagedIdentity": {
        "type": "Bool",
        "value": false
      },
      "vaStoragelessEnabled": {
        "type": "Bool",
        "value": false
      },
      "enablePrivateEndpoint": {
        "type": "Bool",
        "value": false
      },
      "privateEndpointNestedTemplateId": {
        "type": "String",
        "value": "pe-8b79214d-eb07-4932-b830-5bb7af0f8031"
      },
      "privateEndpointSubscriptionId": {
        "type": "String",
        "value": ""
      },
      "privateEndpointResourceGroup": {
        "type": "String",
        "value": ""
      },
      "privateEndpointName": {
        "type": "String",
        "value": ""
      },
      "privateEndpointLocation": {
        "type": "String",
        "value": ""
      },
      "privateEndpointSubnetId": {
        "type": "String",
        "value": ""
      },
      "privateLinkServiceName": {
        "type": "String",
        "value": ""
      },
      "privateLinkServiceServiceId": {
        "type": "String",
        "value": ""
      },
      "privateEndpointVnetSubscriptionId": {
        "type": "String",
        "value": ""
      },
      "privateEndpointVnetResourceGroup": {
        "type": "String",
        "value": ""
      },
      "privateEndpointVnetName": {
        "type": "String",
        "value": ""
      },
      "privateEndpointSubnetName": {
        "type": "String",
        "value": ""
      },
      "enablePrivateDnsZone": {
        "type": "Bool",
        "value": true
      },
      "privateLinkPrivateDnsZoneFQDN": {
        "type": "String",
        "value": "privatelink.database.windows.net"
      },
      "privateEndpointDnsRecordUniqueId": {
        "type": "String",
        "value": "8b79214d-eb07-4932-b830-5bb7af0f8032"
      },
      "privateEndpointTemplateLink": {
        "type": "String",
        "value": "https://sqlazureextension.hosting.portal.azure.net/sqlazureextension/Content/2.1.0224460/DeploymentTemplates/PrivateEndpoint.json"
      },
      "privateDnsForPrivateEndpointTemplateLink": {
        "type": "String",
        "value": "https://sqlazureextension.hosting.portal.azure.net/sqlazureextension/Content/2.1.0224460/DeploymentTemplates/PrivateDnsForPrivateEndpoint.json"
      },
      "privateDnsForPrivateEndpointNicTemplateLink": {
        "type": "String",
        "value": "https://sqlazureextension.hosting.portal.azure.net/sqlazureextension/Content/2.1.0224460/DeploymentTemplates/PrivateDnsForPrivateEndpointNic.json"
      },
      "privateDnsForPrivateEndpointIpConfigTemplateLink": {
        "type": "String",
        "value": "https://sqlazureextension.hosting.portal.azure.net/sqlazureextension/Content/2.1.0224460/DeploymentTemplates/PrivateDnsForPrivateEndpointIpConfig.json"
      },
      "requestedBackupStorageRedundancy": {
        "type": "String",
        "value": "Zone"
      },
      "maintenanceConfigurationId": {
        "type": "String",
        "value": "/subscriptions/c44c3665-2e62-4e3d-a00f-e81874f7f290/providers/Microsoft.Maintenance/publicMaintenanceConfigurations/SQL_Default"
      },
      "enableSqlLedger": {
        "type": "Bool",
        "value": false
      },
      "enableDigestStorage": {
        "type": "String",
        "value": "Disabled"
      },
      "digestStorageOption": {
        "type": "String",
        "value": ""
      },
      "digestStorageName": {
        "type": "String",
        "value": ""
      },
      "blobStorageContainerName": {
        "type": "String",
        "value": ""
      },
      "retentionDays": {
        "type": "String",
        "value": ""
      },
      "retentionPolicy": {
        "type": "Bool",
        "value": false
      },
      "isPermissionAssigned": {
        "type": "Bool",
        "value": false
      },
      "digestAccountResourceGroup": {
        "type": "String",
        "value": ""
      },
      "digestRegion": {
        "type": "String",
        "value": ""
      },
      "storageAccountdigestRegion": {
        "type": "String",
        "value": ""
      },
      "isNewDigestLocation": {
        "type": "Bool",
        "value": false
      },
      "sqlLedgerTemplateLink": {
        "type": "String",
        "value": "https://sqlazureextension.hosting.portal.azure.net/sqlazureextension/Content/2.1.0224460/DeploymentTemplates/SqlLedger.json"
      }
    },
    "mode": "Incremental",
    "debugSetting": {
      "detailLevel": "None"
    },
    "provisioningState": "Running",
    "timestamp": "2023-02-28T02:59:55.6649366Z",
    "duration": "PT0.7180555S",
    "correlationId": "5537a963-aa02-48a8-926a-0c011672bd9a",
    "providers": [
      {
        "namespace": "Microsoft.Sql",
        "resourceTypes": [
          {
            "resourceType": "servers/databases",
            "locations": [
              "eastus"
            ]
          }
        ]
      }
    ],
    "dependencies": [
      {
        "dependsOn": [
          {
            "id": "/subscriptions/c44c3665-2e62-4e3d-a00f-e81874f7f290/resourceGroups/Senior_Design_resources_23_AV_SA_RCP/providers/Microsoft.Sql/servers/patent-helper-project",
            "resourceType": "Microsoft.Sql/servers",
            "resourceName": "patent-helper-project"
          },
          {
            "id": "/subscriptions/c44c3665-2e62-4e3d-a00f-e81874f7f290/resourceGroups/Senior_Design_resources_23_AV_SA_RCP/providers/Microsoft.Storage/storageAccounts/sqlvanmdknspyfe3x2",
            "resourceType": "Microsoft.Storage/storageAccounts",
            "resourceName": "sqlvanmdknspyfe3x2"
          },
          {
            "id": "/subscriptions/c44c3665-2e62-4e3d-a00f-e81874f7f290/resourceGroups/Senior_Design_resources_23_AV_SA_RCP/providers/Microsoft.Sql/servers/patent-helper-project",
            "resourceType": "Microsoft.Sql/servers",
            "resourceName": "patent-helper-project",
            "apiVersion": "2018-06-01-preview"
          }
        ],
        "id": "/subscriptions/c44c3665-2e62-4e3d-a00f-e81874f7f290/resourceGroups/Senior_Design_resources_23_AV_SA_RCP/providers/Microsoft.Storage/storageAccounts/sqlvanmdknspyfe3x2/providers/Microsoft.Authorization/roleAssignments/f6f236d9-266b-5714-a85e-3db0a4970dcd",
        "resourceType": "Microsoft.Storage/storageAccounts/providers/roleAssignments",
        "resourceName": "sqlvanmdknspyfe3x2/Microsoft.Authorization/f6f236d9-266b-5714-a85e-3db0a4970dcd"
      },
      {
        "dependsOn": [
          {
            "id": "/subscriptions/c44c3665-2e62-4e3d-a00f-e81874f7f290/resourceGroups/Senior_Design_resources_23_AV_SA_RCP/providers/Microsoft.Sql/servers/patent-helper-project/databases/projectDB",
            "resourceType": "Microsoft.Sql/servers/databases",
            "resourceName": "patent-helper-project/projectDB"
          }
        ],
        "id": "/subscriptions/c44c3665-2e62-4e3d-a00f-e81874f7f290/resourceGroups/Senior_Design_resources_23_AV_SA_RCP/providers/Microsoft.Sql/servers/patent-helper-project/advancedThreatProtectionSettings/Default",
        "resourceType": "Microsoft.Sql/servers/advancedThreatProtectionSettings",
        "resourceName": "patent-helper-project/Default"
      },
      {
        "dependsOn": [
          {
            "id": "/subscriptions/c44c3665-2e62-4e3d-a00f-e81874f7f290/resourceGroups/Senior_Design_resources_23_AV_SA_RCP/providers/Microsoft.Sql/servers/patent-helper-project/databases/projectDB",
            "resourceType": "Microsoft.Sql/servers/databases",
            "resourceName": "patent-helper-project/projectDB"
          },
          {
            "id": "/subscriptions/c44c3665-2e62-4e3d-a00f-e81874f7f290/resourceGroups/Senior_Design_resources_23_AV_SA_RCP/providers/Microsoft.Storage/storageAccounts/sqlvanmdknspyfe3x2",
            "resourceType": "Microsoft.Storage/storageAccounts",
            "resourceName": "sqlvanmdknspyfe3x2"
          },
          {
            "id": "/subscriptions/c44c3665-2e62-4e3d-a00f-e81874f7f290/resourceGroups/Senior_Design_resources_23_AV_SA_RCP/providers/Microsoft.Sql/servers/patent-helper-project/advancedThreatProtectionSettings/Default",
            "resourceType": "Microsoft.Sql/servers/advancedThreatProtectionSettings",
            "resourceName": "patent-helper-project/Default"
          }
        ],
        "id": "/subscriptions/c44c3665-2e62-4e3d-a00f-e81874f7f290/resourceGroups/Senior_Design_resources_23_AV_SA_RCP/providers/Microsoft.Sql/servers/patent-helper-project/vulnerabilityAssessments/Default",
        "resourceType": "Microsoft.Sql/servers/vulnerabilityAssessments",
        "resourceName": "patent-helper-project/Default"
      },
      {
        "dependsOn": [
          {
            "id": "/subscriptions/c44c3665-2e62-4e3d-a00f-e81874f7f290/resourceGroups/Senior_Design_resources_23_AV_SA_RCP/providers/Microsoft.Sql/servers/patent-helper-project/databases/projectDB",
            "resourceType": "Microsoft.Sql/servers/databases",
            "resourceName": "patent-helper-project/projectDB"
          }
        ],
        "id": "/subscriptions/c44c3665-2e62-4e3d-a00f-e81874f7f290/resourceGroups/Senior_Design_resources_23_AV_SA_RCP/providers/Microsoft.Sql/servers/patent-helper-project/sqlVulnerabilityAssessments/Default",
        "resourceType": "Microsoft.Sql/servers/sqlVulnerabilityAssessments",
        "resourceName": "patent-helper-project/Default"
      },
      {
        "dependsOn": [
          {
            "id": "/subscriptions/c44c3665-2e62-4e3d-a00f-e81874f7f290/resourceGroups/Senior_Design_resources_23_AV_SA_RCP/providers/Microsoft.Sql/servers/patent-helper-project/databases/projectDB",
            "resourceType": "Microsoft.Sql/servers/databases",
            "resourceName": "patent-helper-project/projectDB"
          },
          {
            "id": "/subscriptions/c44c3665-2e62-4e3d-a00f-e81874f7f290/resourceGroups/Senior_Design_resources_23_AV_SA_RCP/providers/Microsoft.Resources/deployments/SubnetPolicies-",
            "resourceType": "Microsoft.Resources/deployments",
            "resourceName": "SubnetPolicies-"
          }
        ],
        "id": "/subscriptions/c44c3665-2e62-4e3d-a00f-e81874f7f290/resourceGroups/Senior_Design_resources_23_AV_SA_RCP/providers/Microsoft.Resources/deployments/PrivateEndpoint-",
        "resourceType": "Microsoft.Resources/deployments",
        "resourceName": "PrivateEndpoint-"
      },
      {
        "dependsOn": [
          {
            "id": "/subscriptions/c44c3665-2e62-4e3d-a00f-e81874f7f290/resourceGroups/Senior_Design_resources_23_AV_SA_RCP/providers/Microsoft.Sql/servers/patent-helper-project",
            "resourceType": "Microsoft.Sql/servers",
            "resourceName": "patent-helper-project"
          },
          {
            "id": "/subscriptions/c44c3665-2e62-4e3d-a00f-e81874f7f290/resourceGroups/Senior_Design_resources_23_AV_SA_RCP/providers/Microsoft.Sql/servers/patent-helper-project/databases/projectDB",
            "resourceType": "Microsoft.Sql/servers/databases",
            "resourceName": "patent-helper-project/projectDB"
          }
        ],
        "id": "/subscriptions/c44c3665-2e62-4e3d-a00f-e81874f7f290/resourceGroups/Senior_Design_resources_23_AV_SA_RCP/providers/Microsoft.Resources/deployments/ledger-",
        "resourceType": "Microsoft.Resources/deployments",
        "resourceName": "ledger-"
      },
      {
        "dependsOn": [
          {
            "id": "/subscriptions/c44c3665-2e62-4e3d-a00f-e81874f7f290/resourceGroups/Senior_Design_resources_23_AV_SA_RCP/providers/Microsoft.Resources/deployments/PrivateEndpoint-",
            "resourceType": "Microsoft.Resources/deployments",
            "resourceName": "PrivateEndpoint-"
          }
        ],
        "id": "/subscriptions/c44c3665-2e62-4e3d-a00f-e81874f7f290/resourceGroups/Senior_Design_resources_23_AV_SA_RCP/providers/Microsoft.Resources/deployments/PrivateDns-pe-8b79214d-eb07-4932-b830-5bb7af0f8031",
        "resourceType": "Microsoft.Resources/deployments",
        "resourceName": "PrivateDns-pe-8b79214d-eb07-4932-b830-5bb7af0f8031"
      }
    ],
    "validationLevel": "Template"
  }
}